﻿관광지명,주소,분류,외지인 검색 수
신세계백화점센텀시티점,부산 해운대구 센텀남대로 35-0,,1766385
김해국제공항,부산 강서구 공항진입로 108-0,,1638387
김해공항국내선청사,부산 강서구 공항진입로 108-0,,1337247
롯데백화점부산본점,부산 부산진구 가야대로 772-0,,1230296
롯데프리미엄아울렛동부산점,부산 기장군 기장해안로 147-0,,1208833
코스트코홀세일부산점,부산 수영구 구락로 137-0,,1081908
해운대해수욕장,부산 해운대구 해운대해변로 264-0,,1036419
광안리해수욕장,부산 수영구 광안해변로 219-0,,1010710
송정해수욕장,부산 해운대구 송정해변로 62-0,,893547
신세계프리미엄아울렛부산점,부산 기장군 정관로 1133-0,,857808
해동용궁사,부산 기장군 용궁길 86-0,,817072
이케아동부산점,부산 기장군 동부산관광3로 17-0,,815395
롯데백화점광복점,부산 중구 중앙대로 2-0,,703811
아난티힐튼부산,부산 기장군 기장해안로 268-32,,598078
NC백화점서면점,부산 부산진구 동천로 92-0,,570894
자갈치시장,부산 중구 자갈치해안로 52-0,,567329
태종대,부산 영도구 전망로 24-0,,539321
국제시장,부산 중구 국제시장2길 25-0,,500826
다대포해수욕장,부산 사하구 몰운대1길 14-0,,500371
기장시장,부산 기장군 읍내로104번길 16-0,,483072
송도해수욕장,부산 서구,,465424
BEXCO,부산 해운대구 APEC로 55-0,,452001
이마트트레이더스서면점,부산 부산진구 시민공원로 31-0,,424359
파라다이스호텔부산,부산 해운대구 해운대해변로 296-0,,376548
한화리조트해운대,부산 해운대구 마린시티3로 52-0,,366231
롯데백화점동래점,부산 동래구 중앙대로 1393-0,,357190
반여농산물도매시장,부산 해운대구 수영강변대로 626-0,,353699
일광해수욕장,부산 기장군 삼성3길 0-0,,320345
대변항,부산 기장군 기장해안로 0-0,,307564
송도해상케이블카,부산 서구 송도해변로 171-0,,294141
이마트문현점,부산 남구 전포대로91번길 47-0,,291868
메가마트동래점,부산 동래구 충렬대로 197-0,,290351
부산시민공원,부산 부산진구 시민공원로 73-0,,290034
롯데마트화명점,부산 북구 화명대로 47-0,,286381
부산진시장,부산 동구 진시장로 24-0,,284681
현대백화점부산점,부산 동구 범일로 125-0,,273427
이마트해운대점,부산 해운대구 좌동순환로 511-0,,270344
이마트트레이더스명지점,부산 강서구 명지국제6로 168-0,,260739
이마트트레이더스연산점,부산 연제구 좌수영로 241-0,,258228
범어사,부산 금정구 범어사로 250-0,,257138
이마트금정점,부산 금정구 중앙대로1841번길 24-0,,240382
신세계센텀시티몰,부산 해운대구 센텀4로 15-0,,237976
엄궁농산물도매시장,부산 사상구 농산물시장로9번길 11-0,,235826
해운대달맞이길,부산 해운대구 달맞이길 0-0,,234777
이마트연제점,부산 연제구 연수로 89-0,,234422
롯데백화점센텀시티점,부산 해운대구 센텀남대로 59-0,,234286
부평깡통시장,부산 중구 부평1길 48-0,,231546
이마트사상점,부산 사상구 광장로 17-0,,231391
더베이101,부산 해운대구 동백로 52-0,,230797
스타필드시티명지,부산 강서구 명지국제6로 168-0,,230280
홈플러스아시아드점,부산 연제구 종합운동장로 7-0,,220868
부산항국제여객터미널,부산 동구 충장대로 206-0,,215247
사직야구장,부산 동래구 사직로 45-0,,213357
파크하얏트부산호텔,부산 해운대구 마린시티1로 51-0,,207101
웨스틴조선호텔부산,부산 해운대구 동백로 67-0,,206521
삼락생태공원,부산 사상구,,206479
롯데호텔부산점,부산 부산진구 가야대로 772-0,,205937
신라스테이해운대,부산 해운대구 해운대로570번길 46-0,,205050
감천문화마을,부산 사하구 감내2로 203-0,,201269
기장해녀촌,부산 기장군 연화1길 184-0,,198896
부산어린이대공원,부산 부산진구 새싹로 295-0,,192960
해운대센텀호텔,부산 해운대구 센텀3로 20-0,,190608
메가마트남천점,부산 수영구 황령대로 521-0,,179968
팔레드시즈,부산 해운대구 해운대해변로298번길 24-0,,179820
벡스코제2전시장,부산 해운대구 APEC로 30-0,,177790
르네시떼,부산 사상구 광장로 7-0,,176968
국립해양박물관,부산 영도구 해양로301번길 45-0,,174131
스포원파크,부산 금정구 체육공원로399번길 324-0,,173162
SEA LIFE 부산아쿠아리움,부산 해운대구 해운대해변로 266-0,,172168
홈플러스센텀시티점,부산 해운대구 센텀동로 6-0,,171503
허심청,부산 동래구 온천장로107번길 32-0,,170312
해운대CC,부산 기장군 병산2로 265-0,,169562
국립부산과학관,부산 기장군 동부산관광6로 59-0,,169084
렛츠런파크부산경남,부산 강서구 가락대로 929-0,,169083
이기대수변공원,부산 남구 이기대공원로 105-20,,164439
홈플러스부산정관점,부산 기장군 정관5로 50-0,,164323
NC백화점부산대점,부산 금정구 부산대학로63번길 2-0,,163787
홈플러스가야점,부산 부산진구 가야대로 506-0,,163642
아홉산숲,부산 기장군 미동길 37-1,,163235
장안사,부산 기장군 장안로 482-0,,160847
신선대부두,부산 남구,,155435
흰여울문화마을,부산 영도구,,155289
죽성드림세트장,부산 기장군,,150207
아난티코브,부산 기장군 기장해안로 268-32,,149016
다대포해변공원,부산 사하구,,128951
스톤게이트CC,부산 기장군 곡천길 317-0,,122482
롯데월드어드벤처부산,부산 기장군 동부산관광로 42-0,,117608
NC백화점해운대점,부산 해운대구 해운대로 813-0,,117453
호텔농심,부산 동래구 금강공원로20번길 23-0,,117192
롯데마트사상점,부산 사상구 낙동대로 733-0,,115707
아트몰링하단점,부산 사하구 낙동남로 1413-0,,115516
해운대블루라인파크미포정거장,부산 해운대구 달맞이길62번길 13-0,,112719
롯데몰동부산점,부산 기장군 기장해안로 147-0,,111834
황령산전망대,부산 남구 못골로 15-0,,107886
홈플러스부산연산점,부산 연제구 반송로 88-0,,106521
임랑해수욕장,부산 기장군,,101762
롯데시네마동부산아울렛,부산 기장군 기장해안로 147-0,,97647
해운대비치골프앤리조트,부산 기장군 대변로 74-0,,97050
그랜드조선부산,부산 해운대구 해운대해변로 292-0,,90834
황령산봉수대,부산 부산진구,,90043
센텀프리미어호텔,부산 해운대구 센텀1로 17-0,,88159
부산항제5부두,부산 동구 충장대로 314-0,,88079
해운대그랜드호텔,부산 해운대구 해운대해변로 217-0,,86594
시그니엘부산,부산 해운대구 달맞이길 30-0,,84319
부산요트경기장,부산 해운대구 해운대해변로 84-0,,73357
대저생태공원,부산 강서구,,71300
쥬디스태화본관,부산 부산진구 중앙대로 694-0,,69528
벡스코제1전시장,부산 해운대구 APEC로 55-0,,69265
더파크,부산 부산진구 새싹로 295-0,,65806
암남공원,부산 서구 암남공원로 185-0,,64907
오륙도스카이워크,부산 남구 오륙도로 137-0,,63423
베이사이드GC,부산 기장군 이천8길 100-0,,54673
민락수변공원,부산 수영구,,50316
강서체육공원,부산 강서구 체육공원로 43-0,,50101
영화의전당,부산 해운대구 수영강변대로 120-0,,49540
아시아드컨트리클럽,부산 기장군 차양길 26-0,,48892
백운포체육공원,부산 남구 백운포로 34-0,,46558
부전시장,부산 부산진구 중앙대로783번길 23-0,,45328
부산서부버스터미널,부산 사상구 사상로 201-0,,42818
부산종합버스터미널,부산 금정구 중앙대로 2238-0,,37665
부산역,부산 동구 중앙대로 206-0,,37388
코모도호텔부산,부산 중구 중구로 151-0,,31067
라발스호텔,부산 영도구 봉래나루로 82-0,,30516
W스퀘어,부산 남구 분포로 145-0,,25703
롯데백화점광복점아쿠아몰,부산 중구 중앙대로 2-0,,25630
부산신항,부산 강서구 신항남로 330-0,,25302
코오롱씨클라우드호텔,부산 해운대구 해운대해변로 287-0,,25057
청사포방파제,부산 해운대구,,24175
아난티펜트하우스해운대,부산 기장군 기장해안로 268-31,,23573
CGV정관,부산 기장군 정관중앙로 45-0,,21914
롯데시네마부산본점,부산 부산진구 가야대로 772-0,,21526
